"Local SHA","Local Subject","Patch ID","Commits",
"96ae823772d44a458339bc2e0041194ca5d4bffa","FROMLIST: arm64: dts: sdm845: enable tsens thermal zones","af25f7f78675ed9fd0cf810c4180547fdfc6a2be","4884788b7ba1a2136f8eff5396d33246af7e55f2 arm64: dts: sdm845: enable tsens thermal zones",
"88926cc60cf488060029b6286d9d674f95086739","FROMLIST: dt-bindings: msm: Update documentation of qcom,llcc","5973ded69cc069b80a68fc78182d948db8ead736","b54ef3814f4a30c4c023ea099c8e4c962cfe3614 dt-bindings: msm: Update documentation of qcom,llcc",
"bc6880965515e24b113d325dd8f09b8a80454c9e","FROMLIST: arm64: dts: qcom: sdm845: Add adsp, cdsp and slpi smp2p","b235ff4ba67a0668b65680f299ef0021485e6258","3debb1f30b09f8db4ddf70f74d5d9b5de1b5327c arm64: dts: qcom: sdm845: Add adsp, cdsp and slpi smp2p",
"2d1eb6e6f0588e881e22a2fa831041c24048f4ce","FROMLIST: arm64: dts: qcom: pm8998: Add pm8998 thermal zone","9f5fedc8a80f8af8bae1ec908a0137f82ce82bc2","1b9d8bd69305d9020534e09f3f790e43d1393b03 arm64: dts: qcom: pm8998: Add pm8998 thermal zone",
"59219df6b1c05b130bcf3b98c5f7f0e9233620e2","FROMLIST: soc: qcom: geni: Don't ignore clk_round_rate() errors in geni_se_clk_tbl_get()","d07c35d5d29fb2d909a9bf5e25fd396f77204197","e11bbcedecae85ce60a5d99ea03528c2d6f867e0 soc: qcom: geni: Don't ignore clk_round_rate() errors in geni_se_clk_tbl_get()
abc1c94471450de4fa085f5b1269837f97b1adc5 soc: qcom: geni: Don't ignore clk_round_rate() errors in geni_se_clk_tbl_get()",
"1c728cdf1ca51004f2288ea7366d2c5e4d7e43e5","FROMLIST: soc: qcom: geni: geni_se_clk_freq_match() should always accept multiples","cc4806003642119e02d67dca94fcb838bda785c1","867d4aa7013fdee8b962cde1711f96c8dd86d926 soc: qcom: geni: geni_se_clk_freq_match() should always accept multiples
969fc78c37c3fb1363b4669a7d4df9c3804591e7 soc: qcom: geni: geni_se_clk_freq_match() should always accept multiples",
"27424271dc5c98129ab7d3880a65a669f3e40679","FROMLIST: soc: qcom: geni: Make version macros simpler","7fdbc9d1123e778390648c44044746dd174e2055","f4926ef76e23e291fcd38bd107c0a9bb8e2db505 soc: qcom: geni: Make version macros simpler
65a272642ce13aab911f68279c8994cde3282b0a soc: qcom: geni: Make version macros simpler",
"fc847365b4a25119ebd4f3205467490ee964d80c","FROMGIT: irqchip/pdc: Setup all edge interrupts as rising edge at GIC","dc5452d2eb4f6038400327071d0c293c7dc25ac5","7bae48b22c8d38c5cd50f52b6e15d134e2bb3935 irqchip/pdc: Setup all edge interrupts as rising edge at GIC",
"43d8007a897323eeb05ac51dfc6ec55a7ef5e969","FROMLIST: soc: qcom: Add irq clear handling during SE init","2644e524b65a34b43ddf8d0e25a6416dfb10137f","279536a564f6479725ad23cb139783f16a974d4f soc: qcom: Add irq clear handling during SE init",
"a11338d7734032fe5a2a70a129a3aa3810c9dcb9","FROMLIST: dt-bindings: soc: qcom: GENI SE SPI controller device tree binding","59f3551cf4c90eb6a7a30223c5df3e17dea94668","4b8ce2f707778f436b8f976cecfdcd984d9d546e spi: soc: qcom: GENI SE SPI controller device tree binding",
"1498e340fa2031a343910eea4a7d1b96cfe86424","FROMLIST: dt-bindings: spi: Qualcomm Quad SPI(QSPI) documentation","3ffb7dc037a6ce74ed3afdf9c42bf0de4cb0252f","db117f5f424829d54db32b1eddbb54b881a4f2e5 spi: Qualcomm Quad SPI(QSPI) documentation",
"4f02d9b2f1f06c4f3494cf39bd4809a1b8490171","FROMLIST: dts: arm64/sdm845: Add node for arm,mmu-500","3f5d6189449563312945131a10666b48f7878f4d","4429e57567bb728ba1c81332e7e68d898e510d1c arm64: dts: sdm845: Add node for arm,mmu-500",
"dc8f32ccd6bb612a7207e62dcea38d90c19e2048","FROMLIST: phy: qcom-qusb2: Use HSTX_TRIM fused value as is","3652b5331f5e37e738310737b93e74b7d7dedf2e","6e34d358b24ffc40764eb3681164c79091765429 phy: qcom-qusb2: Use HSTX_TRIM fused value as is",
"415bb6d5144c361ed3e42c629bac933b54d453c2","FROMLIST: phy: qcom-qusb2: Fix HSTX_TRIM tuning with fused value for SDM845","c2716786c546b94796795196c136407d3627a7d1","c88520db18ba0b9a41326c3b8680e7c09eb4c381 phy: qcom-qusb2: Fix HSTX_TRIM tuning with fused value for SDM845",
"93eb99242735c0b5edab26ede605b691e8f4cf15","FROMLIST: dt-bindings: phy-qcom-qmp: Fix several mistakes from prior commits","c1fff545652302a95bd8682bb00b71c060176388","7243ec72b9024b1ae98ed571db559a7cf0c5a0f4 dt-bindings: phy-qcom-qmp: Fix several mistakes from prior commits",
"2d3d86b00f82efe197dbd9cac96076da9041a3df","FROMGIT: Bluetooth: hci_qca: Remove serdev_device_open/close function calls","41594ade520776b6d3a662157e378ed4f1cb20da","ca30ccd2191842ebfd36229bee91da2db8c16361 Bluetooth: hci_qca: Remove serdev_device_open/close function calls",
"d30a8fa8750c845870bcff71d8109744facf51fe","FROMGIT: Bluetooth: hci_qca: Remove hdev dereference in qca_close().","9e3ac113ed133a1c20e7406ffed7746b6408c636","c2d7827338618a9e73a3f892ca63d9082bb7a94d Bluetooth: hci_qca: Remove hdev dereference in qca_close().",
"36016fca0273e52d5ea193b3f793a657b8751c46","FROMGIT: Bluetooth: hci_serdev: clear HCI_UART_PROTO_READY to avoid closing proto races","c4baba69035aa21d2e97cdd2bd0919ce50c21de2","7cf7846d27bfc9731e449857db3eec5e0e9701ba Bluetooth: hci_serdev: clear HCI_UART_PROTO_READY to avoid closing proto races",
"0c448190dfc8e8581eacaba7751c8fb3f8ddbdaa","FROMGIT: Bluetooth: hci_serdev: Add protocol check in hci_uart_dequeue().","969ac01ab1001851ac544826c4334ab99b1052f3","5a637751e216de2cad77f24f92b9e97e61e459d9 Bluetooth: hci_serdev: Add protocol check in hci_uart_dequeue().",
"63ed6f51c9082f33dbada69385eb0d296a9e3b6e","FROMLIST: Bluetooth: btusb: Add quirk for BTUSB_INTEL_NEW","ceb22578aaefe99bfef71c623a25e9c48bfe4277","f7785021947949e81f046a5ba2d3c205bda9cccb Bluetooth: btusb: Add quirk for BTUSB_INTEL_NEW",
"1934ad55e89d0a0db617d47448c9abf0e7073bcc","FROMLIST: cpufreq: dt-platdev: allow RK3399 to have separate tunables per cluster","4d02372268cfbdbed5e15067591bc7da94d9e57c","9d21d33cab2dd5aadd23ad51baf1dc49d544fcc0 cpufreq: dt-platdev: allow RK3399 to have separate tunables per cluster",
"c92e788e82ec7186007eaad6db9861bbaa45ff08","FROMGIT: drm/msm: dsi: Initialize msm_dsi->id to -1","62801110a273defb795987e057ce28f081bb2ae9","aea24171c85edbff1e021016e8ea1bf64b89a4f8 drm/msm: dsi: Initialize msm_dsi->id to -1",
"23ea0396141756e0d2b05b0c298a154249c10109","FROMGIT: drm/msm: dsi: Return errors whan dt parsing fails","5099fa94486101ff5092da783e04a7bc4ff5d136","feb085ec8a3dc186ed1e5e642b6568297c01cc4a drm/msm: dsi: Return errors whan dt parsing fails",
"0906ef8a49664dbdf355b846bdc7d89e7c5d4943","FROMGIT: drm/msm: Don't fail bind if nothing connected to dsi","2908d2f9f5ea5556ee6a2b909234a4b25e858ca2","9888495a14a80a0a229e13c293592da559c51e64 drm/msm: Don't fail bind if nothing connected to dsi",
"3c1319c930406992389fdf183c0fa292131ad72b","FROMGIT: drm/msm/disp/dpu: Use proper define for drm_encoder_init() 'encoder_type'","95a28ab4d6e242ab65f047769749113369fef5d0","2c043eeffea4813b8f569e84b46035a08de5eb47 drm/msm/disp/dpu: Use proper define for drm_encoder_init() 'encoder_type'",
"feed88390c9ab0ea43c0adeb8cd3814b5730401a","FROMGIT: drm/msm/dpu: enable cursor plane on dpu","dd412ac0b83dd92fff28049dcb87aa2c9a25b14c","07ca1fc0f8a09b9c920002d5c36378a2ddefe37c drm/msm/dpu: enable cursor plane on dpu",
"1bce99e49817f74899962778e4d05efafb960665","FROMGIT: drm/msm/dpu: fix for cursor blend issue","7b8b389c09b9e45760e37979fba7d27f149c7ce9","74593a28c221246bc59a34fbad5e14134a93fc6a drm/msm/dpu: fix for cursor blend issue",
"193f6bb0243c86d3c033b5a6e595c0c77276c010","FROMGIT: drm/msm/dpu: remove stale display port programming","3290c9f4c3df6b0a36aaffec2c34fbaaf716ad84","a2b4ae2924025f64fc619aa69bd260c6b40c2013 drm/msm/dpu: remove stale display port programming",
"82eb61b0919b87b9fb3d0dd2402e4cee7a9179b4","FROMGIT: drm/msm/dpu: remove unwanted encoder type mapping","5ca94615d2c667d354e785a7336f69edf9f34c9a","48a8ef7209dba19b9932b375841ea21a69c4c0e2 drm/msm/dpu: remove unwanted encoder type mapping",
"22c9db85fcb69bdbc27155648b145c0972cd1300","FROMGIT: drm/msm/dpu: use encoder type to identify display type","a9d57fa5e2e4013db5511ebe47b484c8dcee8db2","1e53ac9280a0ac48ea1024a9d02bc08e3220d842 drm/msm/dpu: use encoder type to identify display type",
"19a58520851eb28616542fb149b75d753cc7cdab","FROMGIT: drm/msm: dpu: Allow planes to extend past active display","65b0605947e55eb62fc376bb3815105fb41d3157","96fc56a775c1e44c0e3c0119f2cd3d77431c4569 drm/msm: dpu: Allow planes to extend past active display",
"f293be4c3487c73644bcb815cda52d4ef4b3b22b","FROMGIT: drm/msm/dpu: Remove dpu_mdss_isr when dpu_mdss_destroy is called","b8373dd0bc9d328d106f716b4b4e471acce82554","d270bdf41e4ac05f16c53482a5769819b040806f drm/msm/dpu: Remove dpu_mdss_isr when dpu_mdss_destroy is called",
"cc7710e458b5c29628986654c85de1c147d98109","FROMGIT: drm/msm/dpu: remove debugfs support for misr","313e07e3398da3bb35e0a9904cb21f98adcc6ed6","ad8e5c2d7729e2a6f0b5ce3c0e90ab68c40156b8 drm/msm/dpu: remove debugfs support for misr",
"abd107d04dab16ba761c0d6e4facead2dfc24053","FROMGIT: drm/msm/dpu: squash power handle event types","4faa5ae07d130b8743ec6907c64cd737733d38b4","a41a8ccc12441299621a8e049bfc51c64dfaaba1 drm/msm/dpu: squash power handle event types",
"dfa9533535ba92ef8bb956f5591404cf8a354290","FROMGIT: drm/msm/dpu: remove scalar config definitions","7df36b2a3779134a85510b9b0ba1909380287ceb","a9a0a61af8067e284b47042ba611689a4a26d8d3 drm/msm/dpu: remove scalar config definitions",
"1ed14ec0307aae287d97402f04617686a6c45794","FROMGIT: drm/msm/dpu: remove resource pool manager","7e650ecd0cc28914729297707e85f8d0102f2d2b","726bcbb7d615334bff509a079456cbaf0736baed drm/msm/dpu: remove resource pool manager",
"fd63a09e1e094a30f09efde9186a15e435886130","FROMGIT: drm/msm/dpu: remove ping pong split topology variables","f13b83437f7f088dc0f7d7a0b66942f3cf167e20","cb307ba34026d34592789b37e2c34f36c8e97f21 drm/msm/dpu: remove ping pong split topology variables",
"d74ba3b48a30fc0b5ab0ac9833b6390a54f6fb88","FROMGIT: drm/msm/dpu: enable master-slave encoders explicitly","52c302715a68e3ab0cfeb8746713fb3b07005aad","86b89080368b4695909bd9d06de3b8a85518aadb drm/msm/dpu: enable master-slave encoders explicitly",
"fcab4b10728f29b9e50bb6681493ac998082b55a","FROMGIT: drm/msm/dpu: use kms stored hw mdp block","ed1690fc7681bb412bfb1bb4e5588c047505c6a1","57250ca5433306774e7f83b11503609ed1bf28cf drm/msm/dpu: use kms stored hw mdp block",
"eb5be227fd0a3b9e7c5ff6c022f09990a3aa5f71","FROMGIT: drm/msm/dpu: iterate for assigned hw ctl in virtual encoder","4a4a73dc358d40480b3f1a47c87d61523c780006","3f4db2e2cc412811697a784d6e42759fe9ea974d drm/msm/dpu: iterate for assigned hw ctl in virtual encoder",
"f9f6303506ce5c5c128a18b358338c4c97665fa5","FROMGIT: drm/msm/dpu: avoid querying for hw intf before assignment","2f172b63e88226b63658a97ea8d063c9d1680ab2","906216baa0a81a6bae17f8b7616757eeed3e44fa drm/msm/dpu: avoid querying for hw intf before assignment",
"46c6077246525abed3a04e776054d96aed42e217","FROMGIT: drm/msm/dpu: make crtc get_mixer_width helper static","b0944dc1e2965862fc538f46f40f89561079eb40","42331668786f5f65e90efb485a686fe456c04131 drm/msm/dpu: make crtc get_mixer_width helper static",
"6de298594b0f7832d360c07acc36d0236bef4bcc","FROMGIT: drm/msm/dpu: move hw resource tracking to crtc state","416d1ada24d885ea4c35aef45859e38cffea183d","9222cdd27e823cacac23fce7548413eebdaf0eb7 drm/msm/dpu: move hw resource tracking to crtc state",
"0b79fbc1f5938a4f82af67b3ee9a8867ffd46f23","FROMGIT: drm/msm/dpu: rename hw_ctl to lm_ctl","a5462615ac08f2351393fdce69f68dc882af9fb7","cf6916f461475bde76ecf4dfb0dc4d38bec579ef drm/msm/dpu: rename hw_ctl to lm_ctl",
"bb47db33d33e20a0e79f6ffb5f5d5932c5ce0bff","FROMGIT: drm/msm/dpu: clean up destination scaler residue","c4d8733be83c88637dd34c90b1abce455e2124a7","b033def8741aab3fb58e4bf6c1d5cd73b3beb357 drm/msm/dpu: clean up destination scaler residue",
"184b50387b1132082c119d1d230269b976be8b04","FROMGIT: drm/msm/dpu: remove cdm block support from resource manager","2163e82b35e428909cefe660cc3c5fff5421a150","9816b2266567a075c9dbe97858334c17fd7303b7 drm/msm/dpu: remove cdm block support from resource manager",
"d515995116b10be09fe42c8998ec8bf172ad0676","FROMGIT: drm/msm/dpu: remove LOCK/CLEAR support in RM","c508d02067bde2dbbf56b9c44d23947c93f8ed63","4a0dc640c550ebf8acddbc3c614f96da2cfdd7fb drm/msm/dpu: remove LOCK/CLEAR support in RM",
"4d865ec8d1d38b8fab4b4b7a61c3aaf7c90bc59f","FROMGIT: drm/msm/dpu: remove display H_TILE from encoder","e918a48d2ef21f398a5c22ca7a0aaf940b4cca47","d0a1381612e0822e893dec6b242be2455c5ffb6d drm/msm/dpu: remove display H_TILE from encoder",
"36df86588f4bdb849af7ff568459758f79735722","FROMGIT: drm/msm/dpu: remove RM dependency on connector state","46beb8c642e11ec6e69b0228206ae77804b778a8","32ecf92a3d0106d83478c223beb927bef2ab6df7 drm/msm/dpu: remove RM dependency on connector state",
"04b0ddc6c0c3d76ee2982f37fd77c3d2054b6c8e","FROMGIT: drm/msm/dpu: relax parameter validation in encoders","b80a5dcaea662c8309c557317217e724f3ca7109","157b9ce7f12d788eec7aef33738e054624d40a8a drm/msm/dpu: relax parameter validation in encoders",
"f5415ee402a467c78b2244541fc60af9923bd75a","FROMGIT: drm/msm/dpu: remove RM topology definition","7c8206016ee12c8c62111b2833597ec36ffe3aea","ad92af7ec4c89dce1538a73f0741ac134b50bb12 drm/msm/dpu: remove RM topology definition",
"7233d0a556ea4278803408861036cab088040026","FROMLIST: firmware: coreboot: Let OF core populate platform device","a5f494775a7f64275c6ae33e9d4148acf46ad58b","09ed061a4f56d50758851ca3997510f27115f81b firmware: coreboot: Let OF core populate platform device",
"d898d58d38e9c63acbdbd16021288a1a80d98f50","FROMGIT: iio: adc: Update QCOM ADC license to SPDX format","1b3f13842f266e5a0838eb7dfd8987d2aab67e18","2c8909b95b3e2e9f3c312bf8385c2099dacd6d63 iio: adc: Update QCOM ADC license to SPDX format",
"9c5b47f4b743cbcf2d052078debd568def18e108","Reland ""FROMGIT: iio: adc: Add QCOM SPMI PMIC5 ADC driver""","a05c0de988e339dcef3a34c30683bcf4866ff37a","e13d757279bbc59776c8435fb94e54b5a58bdd0b iio: adc: Add QCOM SPMI PMIC5 ADC driver",
"fe9770ef885ee31ab771e508d3d778707fd7463a","FROMGIT: iio: adc: qcom-spmi-adc5: Add ADC5_AMUX_THM[24]_100K_PU to rev2 channel list","1e9fc21b87ac2e67adf2c70bd2f4f9726f6113cd","4d0434f1297c25c2adbd188888367b534e0aff87 iio: adc: qcom-spmi-adc5: Add ADC5_AMUX_THM[24]_100K_PU to rev2 channel list",
"6c04ef0cd48a68ae9f9b8990d94be8696677c176","FROMLIST: dt-bindings: iio: vadc: Fix documentation of 'reg'","f88630c75a4423b3f4ae3fc540b6ca2d1eb94e3d","7ac346823bbb284e9e66a3d4044c108b99c7149c dt-bindings: iio: vadc: Fix documentation of 'reg'
7028cae1857cc2c6acc69586584e92d044027154 dt-bindings: iio: vadc: Fix documentation of 'reg'",
"2c10a1d7c302bf099ac9afc239453dc439de076c","FROMLIST: platform: chrome: cros_ec_dev - Return number of bytes read with CROS_EC_DEV_IOCRDMEM","bbb338cdf699806a1346d6a85383e9e12a36d8a5","c1778e5819a9784b5551cf8f7abd66571c1239e2 mfd: cros_ec_dev: Return number of bytes read with CROS_EC_DEV_IOCRDMEM",
"1c1932522b1f87b893cfe94bc4d007f4ac90f37a","FROMGIT: media: vivid: Support 480p for webcam capture","81d4cc69c2948b4d2f9359bd11f5f18b18f7e675","8caec72e8cbff65afa38928197bea5a393b67975 media: vivid: Support 480p for webcam capture",
"2a89197287240b20b5d9c3fa8a73fa1e2fa9b3d1","FROMGIT: mmc: sdhci-pci-o2micro: Add quirk for O2 Micro dev 0x8620 rev 0x01","aab8cc37d6d4f0764037cf087c91a308b3172452","5169894982bb67486d93cc1e10151712bb86bcb6 mmc: sdhci-pci-o2micro: Add quirk for O2 Micro dev 0x8620 rev 0x01",
"13bfe0be048593e98d2591966572e72c28610ac0","FROMLIST: scsi/ufshcd: Fix NULL pointer dereference for in ufshcd_init","9341e440762e10f55de47c45160cb01d01584cf8","eebcc19646489b68399ce7b35d9c38eb9f4ec40f scsi: ufshcd: Fix NULL pointer dereference for in ufshcd_init",
"6f87c0764b43588ced66999130ed83dfdd65cf8e","FROMLIST: scsi: ufs: Schedule clk gating work on correct queue","250cbea3f1b7a88b2fdbf33335caebbf590f9a05","f4bb7704699beee9edfbee875daa9089c86cf724 scsi: ufs: Schedule clk gating work on correct queue",
"2d83f8ecdeb62adef11b206a51b9dc1d646ebf96","FROMLIST: dt-bindings: ufs: Fix the compatible string definition","40b24027d97c3daebefb747046662a7b4b793dd2","1ace9f00eca6d1e40aea01489a8553f0afb362a0 scsi: dt-bindings: ufs: Fix the compatible string definition",
"76e29dbe7d313a283435aa645b5c9b996b59f01d","FROMLIST: ASoC: Intel: hdac_hdmi: Limit sampling rates at dai creation","4bd8246e4ed6bc8e53a8bc1e9f84a392a9b6ceb7","3b857472f34faa7d11001afa5e158833812c98d7 ASoC: Intel: hdac_hdmi: Limit sampling rates at dai creation",
"40198b854537b5fc42d6daa9df15f16ea6811475","FROMLIST: ASoC: AMD: Change MCLK to 48Mhz","fde70ae66735441e20fbbce00b661ffa6447356c","a1b1e9880f0c2754a5ac416a546d9f295f72eabc ASoC: AMD: Change MCLK to 48Mhz",
"90296850d0e9725ca75677189a1c38056cf459e0","FROMLIST: ASoC: AMD: Set constraints for DMIC and MAX98357a codec","0b821427bd938969c151122d2d5bbf3e5b648b7a","c736cbd3a668c3befd3ce08e0fbccac302fbecac ASoC: AMD: Set constraints for DMIC and MAX98357a codec",
"07a389630828fa6687972dbf98fc8987f62f710f","FROMLIST: ASoC: AMD: Fix capture unstable in beginning for some runs","556b4ce1d1aea8c72d579aedab043d810bb8bc6a","c50535ed6a10fcae1b64ae83c0f6b1eeb5535afc ASoC: AMD: Fix capture unstable in beginning for some runs",
"3d68998c815a4b3941901537e484d7d7bd03858f","FROMLIST: ASoC: AMD: Add SND_JACK_LINEOUT jack type","33bdbfc65e02d59379e79be713e3ded624771db5","2657c6a9037df1c98eb5dae10dd554ac8c37d38f ASoC: AMD: Add SND_JACK_LINEOUT jack type",
"965ad3a2a8c32b9f8637a246e53d892f414a36eb","FROMLIST: tty: serial: qcom_geni_serial: Fix serial when not used as console","3372d14ea8a59252a4184f2ca5765b7a8a5334a0","c362272bdea32bf048d6916b0a2dc485eb9cf787 tty: serial: qcom_geni_serial: Fix serial when not used as console",
"f25b8733da6a5400cdde4d6bb59370b1fd1a74ae","FROMLIST: tty: serial: qcom_geni_serial: Don't slow all ports just for kgdb","fa1ad1d52dcdecf4a541f6b4d1fc8b732aa08cf0","9f641df46b146f2ae8d013d57e2d94b8e2f4c76f tty: serial: qcom_geni_serial: Don't slow all ports just for kgdb",
"c1c3d82a8ac3949c8266782790136db6d69741f9","FROMLIST: tty: serial: qcom_geni_serial: Rectify UART suspend mechanism","9748e591bf7497f90bc6b24dba273218049d9057","b1f84dd321667d07f08fab99d042f1e39e9ee5bb tty: serial: qcom_geni_serial: Rectify UART suspend mechanism",
"96850c92d9c134696b392adcf25fc93a907b19c1","FROMLIST: ath10k: Add qmi service helpers for wcn3990 qmi client","c8dc741e3b300994ea2fa30e931b66653481dfc5","bc17d4b90cdd3e557d195937c0003260dfce67d6 ath10k: add qmi service helpers for wcn3990 qmi client",
"3a2736af5265d12f5c90faf4c271860bc63b9bb9","FROMLIST: ath10k: Add debug mask for QMI layer","a9fe557ea13c2c432f228f20a44f07a234ad0d8a","35a6657667375d1564f9e9b75491c9e41b04c51f ath10k: add debug mask for QMI layer",
"db109515ab06877e25f04b943746226b012801c8","FROMLIST: dt: bindings: add bindings for msa memory region","8a5a023c26a32d2853d030de6709ddb45fb4a19b","2b741a8aaa342fc0694b84e16245090e32594db2 dt: bindings: add bindings for msa memory region",
"55e36a513546ebc063959d1f949d99c8765bda7c","FROMLIST: firmware: qcom: scm: Add WLAN VMID for Qualcomm SCM interface","58351fd864729bbd7ed86e7d045170cf507be484","cc53aabcc283c36274d3f3ce9adc4b40c21d4838 firmware: qcom: scm: Add WLAN VMID for Qualcomm SCM interface",
"f1eefdcf632ef137b90cc0d093bfed27ea1c61ff","FROMLIST: ath10k: Move napi_enable to hif_start for consistent pairing","457c0a4ffaf84cbd427bbc538cc1e052d34afdec","752ed2a229c62f9301b9ab91d04048402fab6ff8 ath10k: move napi_enable to hif_start for consistent pairing",
"04f8a6edda3d760d047d6c472e91e16a748cafd8","FROMLIST: ath10k: Disable napi before resource cleanup to avoid ""use after free""","cf5793a5aa4118193051ef1ca62ff74f5f697cc8","393b9b0f830efc21c26a4ef9a9ce4d517eb98463 ath10k: disable napi before resource cleanup to avoid ""use after free""",
"32309bc06e5a42c432124e3ad318245dd59a959d","FROMLIST: ath10k: utilize random MAC address if none is provided","faf443de64cd07967defdd2ce041673d9d3d0d2d","234e4307cf7f9b43842395295a224740e220d019 ath10k: utilize random MAC address if none is provided",
"c1c06a975ca6dfe1caf2f5581d86a6b969cba394","FROMLIST: efi/libstub: Disable some warnings for x86{,_64}","db4599386a1a009b9bd9567f0c40a5892f1b72b0","3db5e0ba8b8f4aee631d7ee04b7a11c56cfdc213 efi/libstub: Disable some warnings for x86{,_64}",
"d9ed7c2be74719184ef09035f2046936a723d747","FROMLIST: phy: qcom-qmp: Utilize fully-specified DT registers","a822352706937aac603bf6c780653e3198835179","5e17b95d9893dbbe3366c4d66b0f1677cce99997 phy: qcom-qmp: Utilize fully-specified DT registers",
"5b7790e6642dfff26332a54d1647480818077fd6","FROMLIST: arm64: dts: qcom: sdm845: Add USB PHY lane two","ac6d9156d1b6d9feb2b075550e055492c1448881","9ebfcba1ac46841a60813b4e172108215b4f1525 arm64: dts: qcom: sdm845: Add USB PHY lane two",
"0afcd2a9b1274b68272b0aecc560636b60ecf251","FROMLIST: ath10k: snoc: fix unabalanced regulator error handling","0335e432149d4b79a4ba8e91c31b6c738da14c82","1a1a0d5ccefca6f3f7417b448793c753a610da0c ath10k: snoc: fix unabalanced regulator error handling",
"1d8b66e8900825222e0ed195b0930099385d2345","FROMLIST: ath10k: snoc: relax voltage requirements","15c47deaec5f63d5469a9fb9f9c64279e2d277ba","bfe57a6ac75aec73aec43ca24942d7704100fc2c ath10k: snoc: relax voltage requirements",
"5df6711e186d5311aaf583a50d0da759a40dbbbb","FROMLIST: ath10k: snoc: fix unbalanced clock error handling","ff78f70224999967670b70b9cfce3acea98335ab","82e60d920e8ad70cd9a280ab156566755f1fe4aa ath10k: snoc: fix unbalanced clock error handling",
"7bbca67069e64687748864f935fe1301636b8ca6","FROMLIST: arm64: dts: qcom: sdm845: Fix pcs_misc region address for UNI PHY","f317167007dafe68ef98a9e508e03b7aff7b9e88","539e7a6849ae6a96f758889df8922b47b649f37c arm64: dts: qcom: sdm845: Fix pcs_misc region address for UNI PHY",
"ef979b8d0cf8def366c8f51974bf1d2e23841e74","FROMGIT: drm/msm/dsi: configure VCO rate for 10nm PLL driver","7f4b122aa473e976f3d53fdac1c1571d3b2d4254","8531f0587f5c9e1a74cd9543a97617349f5e0706 drm/msm/dsi: configure VCO rate for 10nm PLL driver",
"84d58e0c2625dfc93fb2cd8c75fbd8f46309d03b","FROMGIT: kdb: print real address of pointers instead of hashed addresses","3d09924baa19a9fd6aca1a83cd1997df466bb4b9","568fb6f42ac6851320adaea25f8f1b94de14e40a kdb: print real address of pointers instead of hashed addresses",
"3f87f8a78147956068cd063e88af0e6c94f78f81","FROMLIST: mmc: sdhci-pci: Try ""cd"" for card-detect lookup before using NULL","aab878f5022a1c4459bf0acd25e0770d53ce776f","cdcefe6bd9df754f528ffc339d3cc143cea4ddf6 mmc: sdhci-pci: Try ""cd"" for card-detect lookup before using NULL",
"c57b65e23a909fc86248619fb23c81a9471bdcef","FROMGIT: drm/msm/dpu: Remove dpu_kms_pm_suspend/resume","08dad6bb59145b639957beb8a02711051e1be739","b2b83523b1768828c3122a2862fa0dd88fb40489 drm/msm/dpu: Remove dpu_kms_pm_suspend/resume",
"71d572ed6925692655f6a1cb336bf91a700e80ac","FROMGIT: drm/msm: Cut dpu_kms hooks from msm_pm_suspend/resume","edbba6292db34f1a97c5f9e16415186184504480","3750e78c72da3c35292dcf531ebe3062faaa33bc drm/msm: Cut dpu_kms hooks from msm_pm_suspend/resume",
"cf871c48663f74a54958ec1eddbd4435dc2e1b29","FROMGIT: drm/msm/dpu: Remove suspend state tracking from crtc","a728d1eb87545f7d7de9301329c0faad675cde3b","7a007a121d342f0948be1f06ad61cdc953f7dab6 drm/msm/dpu: Remove suspend state tracking from crtc",
"52b7b072ddf4efaf011cd506845d0b3673b4ddf8","FROMGIT: drm/msm/dpu: Replace dpu_crtc_reset by atomic helper","0a0d5655a4dae78999aee1f5c3818014e5edb449","9a5e3fce4b74035ef8d5d3c5b9795e8859c69c67 drm/msm/dpu: Replace dpu_crtc_reset by atomic helper",
"c8d9b13b6580799b8d8868d2f5a1efc340bb4402","FROMLIST: arm64: dts: qcom: sdm845: Add SCM DT node","498d63d81fd523a9d1d4e827f7e944d40d520094","77bb7f94555c3863f815e41c62149e0df2deaa62 arm64: dts: qcom: sdm845: Add SCM DT node",
"a2f1b7ecc9293f662853c4bcf76d70a80adf65d3","FROMLIST: serial: qcom_geni_serial: Finish supporting sysrq","786bf8e3ebb43c9172bfa20bb44f0041d065e6db","babeca85847754ff62af58740bad0db731c3075a serial: qcom_geni_serial: Finish supporting sysrq",
"a32661679957726e9a6ed3c7e081c353d8a30284","FROMLIST: i2c: i2c-qcom-geni: Fix runtime PM mismatch with child devices","3eb00272b3a0afcd995390c55267ef833118bef6","848bd3f3de9d44950c00eda6c115e8e9785440da i2c: qcom-geni: Fix runtime PM mismatch with child devices",
"9103000dcf71e6a6ebde134e45543e83c40395ff","FROMLIST: drm/msm/dpu: Correct dpu destroy and disable order","434d8379f3e71789d39aadb40a44b979a71b0b5d","d4e98855d170dc808e7f52c478f1beb18b700139 drm/msm/dpu: Correct dpu destroy and disable order",
"c61beb6aa01e12c75823fc6baf8b53969e58715a","FROMGIT: drm/msm: dpu: Don't set legacy plane->crtc pointer","078a2043622736596c544281347dfd3800409133","081679c51ef2fd7b23cf9ddb7d775b17f75de18c drm/msm: dpu: Don't set legacy plane->crtc pointer",
"9e4885d4cb57e5d0970cf3b050c26e31863ab2e3","FROMGIT: drm/msm: Grab a vblank reference when waiting for commit_done","b6bbd95429485e456cfe3714c3ab31415ab2dc4a","3b712e43e3876b42b38321ecf790a1f5fe59c834 drm/msm: Grab a vblank reference when waiting for commit_done",
"0a069dd172099560c64539c1004405341a2a573c","FROMLIST: Revert ""scripts/setlocalversion: git: Make -dirty check more robust""","5dde774be7ebf49dea89b68976a1fe02958795a0","8ef14c2c41d962756d314f1d7dc972b0ea7a180f Revert ""scripts/setlocalversion: git: Make -dirty check more robust""",
"ab033ab033025eb77af0fb53e7e527ad960356c3","FROMGIT: drm/msm/dsi: fix dsi clock names in DSI 10nm PLL driver","13e2cfd75110a53c205c78e8262873c4e5aba281","c1866d44d149a1ea5c303632114fb6aa08cfd263 drm/msm/dsi: fix dsi clock names in DSI 10nm PLL driver",
"5ff64fbffcbfa5c90afaeefca42834613edd40ea","FROMLIST: platform/chrome: straighten out cros_ec_get_{next,host}_event() error codes","f23c11d679b5590619b1acdd2ad52a86909627a2","475b08734edb3695b9396950c87e75d7c72278a8 platform/chrome: straighten out cros_ec_get_{next,host}_event() error codes",
"459fc2c34dcca6e8a2a0809c57f561ea35233de8","FROMLIST: platform/chrome: don't report EC_MKBP_EVENT_SENSOR_FIFO as wakeup","8821b9111d751b9d9ef253b47a3f4eb590bcf0e2","6ad16b78a039b45294b1ad5d69c14ac57b2fe706 platform/chrome: don't report EC_MKBP_EVENT_SENSOR_FIFO as wakeup",
"c6e63a6cb71854ff22c94798182abd20dc08f772","FROMGIT: mfd: mt6397: Do not call irq_domain_remove if PMIC unsupported","ad67161d0a890a3fa0760e20353536c85b63fe5f","a177276aa098aa47a100d51a13eaaef029604b6d mfd: mt6397: Do not call irq_domain_remove if PMIC unsupported",
"b50ea33bf1af15ed25486274149f26bbe5cf3465","FROMLIST: proc: use ns_capable instead of capable for timerslack_ns","7574ab8360cf2e20a681119cc267cdf4ef056b3d","8da0b4f692c6d90b09c91f271517db746a22ff67 fs/proc/base.c: use ns_capable instead of capable for timerslack_ns",
"4e66a4de5eef2a387ef9a8d30ee3e7c722f256c4","FROMLIST: dt-bindings: iio: vadc: Add unit address to ADC channel node in example","6bdfc417436cb715ce3e0a1317dac32f927a5cfc","b59b94f76e7fa257e92d8e8b0c79755493356861 dt-bindings: iio: vadc: Add unit address to ADC channel node in example",
"b2c9c0099785344b013a401529d645bb859e9a24","FROMLIST: arm64: dts: qcom: pm8998: Add die temperature channel node to the ADC","321276ac382003c3619e6c7560a2de7323c77025","a789fd0bab57d5883e441a09596e1a77f698e62c arm64: dts: qcom: pm8998: Add die temperature channel node to the ADC",
"a94ab60791f7a94cbc9e7eaf5c9164f63d40f326","FROMGIT: dt-bindings: mmc: sdhci-msm: Add SoC-specific compatible strings","c9370af2e0d4ec7f2462f799d4ea23fb2094af90","247cb8b7a79670ff37b992012431b7f5ec0e196d dt-bindings: mmc: sdhci-msm: Add SoC-specific compatible strings",
"fb98d451bc99248bf9b0e562c18a68d8f8b68169","FROMGIT: mmc: sdhci-msm: Re-initialize DLL if MCLK is gated dynamically","20eb5abc9d6be40e0b6030681397e95f938af7db","21f1e2d457ce678adc1269cef6e83cd66dc6fdc6 mmc: sdhci-msm: Re-initialize DLL if MCLK is gated dynamically",
"3cb61220295954d4b3b9591e3d00ba1b574dd6e0","FROMGIT: drm/msm: Check if target supports crash dump capture","4f2af36060e227a80a40d87c35d4adb7c1210498","4f3a31a8e8bff5fc363ec9f4755e58a15f7f36c7 drm/msm: Check if target supports crash dump capture",
"752aa8287a3e2797f23a6de5daa6c33a6c002568","FROMGIT: drm/msm: Fix task dump in gpu recovery","6d8781f5467b6677f13227f9a04d31a3593302cd","482f96324a4e08818db7d75bb12beaaea6c9561d drm/msm: Fix task dump in gpu recovery",
"e7f610aecbe30b0198d737eded3681f7d04be34f","FROMGIT: drm/msm/gpu: Fix a couple memory leaks in debugfs","072655a42018ea2bad41f667afd70ec008c02fd5","51270de91412b819f654b849db3bf92dac0a0855 drm/msm/gpu: Fix a couple memory leaks in debugfs",
"1c968b53b5aac0311f86ddad75b27d943337d90c","FROMGIT: drm/msm: fix handling of cmdstream offset","bb5dc9e65cd0598901a837c557072ce586937458","47e7f506ee6590ceb2efa1f08aca7f9f2ee5c1d3 drm/msm: fix handling of cmdstream offset",
"eb0f6a00d167d057f6c6040ecbff3903cdbd16be","FROMGIT: drm/msm: dpu: Add tracing around CTL_FLUSH","8541952f5612f7297386a3e66965a40ba42c67a9","812eeeb6b59e15e0f2dece81b4600d2206283cd3 drm/msm: dpu: Add tracing around CTL_FLUSH",
"55983d7e69a49c1ceaf74dd5c337caf93e9e7505","FROMGIT: drm/msm: Remove dpu_encoder_phys_ops->hw_reset()","23fd3f5c9a5cc1751bd9ef2c35c104a471460c9e","01b09d53ad5b7e183386887cbc536dfda9f6ce65 drm/msm: Remove dpu_encoder_phys_ops->hw_reset()",
"86285846604c5989c107106c1256e8bea61b6df0","FROMGIT: drm/msm: dpu: Remove unused functions from msm_media_info.h","8b30b71c88be40ecb7c5429564c132234a84b88d","37686b5ec41a58ae136f91471d039f2418d8d192 drm/msm: dpu: Remove unused functions from msm_media_info.h",
"31f20cb411327f998d2966a8dffb70fe30b4571b","FROMGIT: drm/msm: dpu: Remove _dpu_encoder_power_enable()","2505673bf397eba0c806962d9d3be9ad03801c75","bf711751c882e5f406ad484111285b258fb012c4 drm/msm: dpu: Remove _dpu_encoder_power_enable()",
"e6f27b093fde998fa380f0f39b2d1d4cd91ac95b","FROMGIT: drm/msm: dpu: Remove 'inline' from several functions","c761992f9a9aa710e2c119f25b69530649c6d660","58fba464eaeff6533236d334cf2a2df24241dc76 drm/msm: dpu: Remove 'inline' from several functions",
"f8c5e403e780df05ce840f31b84d52700550b624","FROMGIT: drm/msm: dpu: Remove empty/useless labels","28c8e5d09f6aa2f0aadcbcc9b79ae3368b2843a6","0841851f3b22bc1da09683aa458efe9f9e2abf51 drm/msm: dpu: Remove empty/useless labels",
"2085ea2727c19bb0b5ad7565c7a5fd814573a2f2","FROMGIT: drm/msm: dpu: Clean up _dpu_core_video_mode_intf_connected()","848db04795221fab4b3e121936f48062b152f94e","aa4df9bf2862956b88d3f63b7c55911e93c15e45 drm/msm: dpu: Clean up _dpu_core_video_mode_intf_connected()",
"1769b1cfd5022974598e1d1768b1dd80060edaef","FROMGIT: drm/msm: dpu: Remove checks from dpu_plane_destroy_state()","1382d18a2bc6de097f96008aa27048e85b0e94b5","84511abc47bd79e1e4a550cb7a662c09bcddd92b drm/msm: dpu: Remove checks from dpu_plane_destroy_state()",
"4aab9f9a5a57616a735a3cb03d1d7452ad1ab75c","FROMGIT: drm/msm: validate display and event threads","a2e43a1dec2b7e8a39e040d7b18dfb5a75c7a8e0","7f9743abaa79d3491fee7a0446461b0fdd2aeaa5 drm/msm: validate display and event threads",
"27063751aafcd4dd84273e28e65f9240c0708ed9","FROMGIT: drm/msm/gpu: Don't map command buffers with nr_relocs equal to 0","49323903a57c596dc4066c548e0bf2b65b3182e6","d52900437e95e2799953af21971a54fe5f8e33ff drm/msm/gpu: Don't map command buffers with nr_relocs equal to 0",
"f5e981aceae5ebca308ef30f02bb6e6ace2bcac7","FROMLIST: arm64: dts: qcom: sdm845: Add gpio-ranges to TLMM node","5534f1c93a44512ccdf09286cd1d520ab706af1e","bc2c806293c671e3ca403712c737cb4e7dfb15ef arm64: dts: qcom: sdm845: Add gpio-ranges to TLMM node",
"a68d52c583fe8a89cff02038ed24d611bd42c08e","FROMGIT: drm/msm: dpu: Only check flush register against pending flushes","8c6d4cdce4fd3d2b868158176e967e03803ef470","5f79e03b1f7c1b2cf0019ce6365fe5d52629813d drm/msm: dpu: Only check flush register against pending flushes",
"b5821e309066897e062cab149a65198927148745","FROMGIT: drm/msm: dpu: Make legacy cursor updates asynchronous","6b7bdbc4f9eb2a8de9865671af431951f163a10a","50bcc689b1f1c5eb00eda0db76e00783b97c02c2 drm/msm: dpu: Make legacy cursor updates asynchronous",
"cead9571ce8e1010a8a04357caaf83a8262f398b","FROMLIST: dt-bindings: clock: Update GCC bindings for protected-clocks","d756fa704ad84563cd875157f51f61ef8313699c","7898e4fef8352ef8a0d2bbd13c10fcc77c38e80e dt-bindings: clock: Update GCC bindings for protected-clocks",
"72d5afdf13fe5e05d7185a2ac223cbbd56ee7f8f","FROMLIST: lib/raid6: sort algos in rough performance order","bbc57e463b6d66f8050796d2a4de2e7cbf318929","0437de4fa09fe59b57d12b785e4afb73b0f34c05 lib/raid6: sort algos in rough performance order",
"10093edd34018dc30ca82df4d0d0ebe831248587","FROMLIST: lib/raid6: add option to skip algo benchmarking","c3b1442fc77fbcba063f7eaf89918f085f92aeaf","be85f93ae2df32dea0b20908316f1d894c3e0f64 lib/raid6: add option to skip algo benchmarking",
"dab0511f1254c579de731b4664e409a3d50d455f","BACKPORT: FROMLIST: soc: qcom/llcc: add MODULE_LICENSE tag","25217867286af907fc92f109774bc7165b56a93b","8c1919a2b48f172bfb4db5aa93d5809dd26738b3 soc: qcom/llcc: add MODULE_LICENSE tag",
"ff49a5198fc131e881bd3d78ab6d715f225c989b","FROMLIST: soc: qcom: llcc-slice: Add error checks for API functions","57f9f05c3e21dbdaad202e5e990361ec492a7735","e0f2cfeb59c81cbcfc7fbcb7ec0636020499813b soc: qcom: llcc-slice: Add error checks for API functions",
"955aff86e532617165779eb5e904434ffd3e7146","FROMLIST: drivers: qcom: rpmh: avoid sending sleep/wake sets immediately","5e8b7d50e1147ca6d172714f32f474997daa285a","7300241926e8cf5b5f01059b0c07896fb1c74d9e drivers: qcom: rpmh: avoid sending sleep/wake sets immediately",
"5b6e980423434871ca97ddb3d21be51f3885df97","FROMLIST: arm64: dts: qcom: pm8998: Use ADC temperature to temp-alarm node","4ac23e3a0e65e3dfee715dd3e508d72b8bfb9d26","7bfd90f5a57e49c3b97929ce1f7868629e3e13d0 arm64: dts: qcom: pm8998: Use ADC temperature to temp-alarm node",
"4e0a02895a589f259ea0ddbee662374c6130ff80","FROMLIST: MAINTAINERS: add a maintainer for the interconnect API","09c60c6ccfa0cb14bd5c0874b217d13abd59c43d","ecfbed0c5ccc0df25cf213c710417ebc1d17aad7 MAINTAINERS: add a maintainer for the interconnect API",
"11be3e7b2c60767859b1c56040cadc864536b350","FROMLIST: drm/msm: Only add available components","5a1a82733e2a53730ddfaf9a62cb74f00211d35c","d1d9d0e1724d6a7123b4280fdf6630ae70f96c9c drm/msm: Only add available components",
"4db1062e17e202f57b125bb1102e837c9df77289","FROMLIST: drm/msm/dpu: set geometry for iommu domain","4e0a7a4e5899d6873828866644537c74848f04a5","01665c64b47597753a57efabfea36e9cb2443cff drm/msm/dpu: set geometry for iommu domain",
"ae2d07ae0999298106ab3ae84307aa0de09e1947","FROMLIST: iio: adc: qcom-spmi-adc5: Initialize prescale properly","85083ea24c66d08bb7a8267a512ae56709099d5e","db23d88756abd38e0995ea8449d0025b3de4b26b iio: adc: qcom-spmi-adc5: Initialize prescale properly",
"4ae1ef1b2491576ee780b2b2d86d7905c2fece2e","FROMLIST: drm/msm: dpu: Allocate proper amount for dpu_crtc_state","2fac98966e8733ed8bfa45505833334f4b42c13f","ff5952a72cb4d04c976eeffd8443e4eef22e1bfb drm/msm: dpu: Allocate proper amount for dpu_crtc_state",
"055edfec27842cfeb23e15ef0a3fffb2531f3b82","FROMGIT: dt-bindings: mmc: sdhci-msm: Clarify register requirements","16822c3004255e2b090bd7120e90f865baa6af34","67b4ff9fb796d8e572a9bb82d851639a81812aa9 dt-bindings: mmc: sdhci-msm: Clarify register requirements",
"3e99f52df663f18638044f5dc5e0bf5a10ad1047","FROMLIST: arm64: dts: qcom: sdm845: Add SD nodes for sdm845-mtp","7ff592faf1c37fca301b0908bbb1b1fef32cf309","b454dbdb8f067288bee409c5e9f3101004b83125 arm64: dts: qcom: sdm845: Add SD nodes for sdm845-mtp",
"369d3f127310a4a9413822a11468446dd67b0ad8","FROMLIST: tty: serial: qcom_geni_serial: Remove interrupt storm","1704dc0a79e3ece1a78957dda863dbeb87260d3b","64a428077758383518c258641e81d57fcd454792 tty: serial: qcom_geni_serial: Remove interrupt storm",
"5c901b10e8d178abfc532ff13abbe24615a16514","FROMGIT: dt-bindings: cpufreq: Introduce QCOM cpufreq firmware bindings","ed385e69105218d893ca2926a0d8f429b017cd59","0a3b0c7f979563c97a136c51e43ef724121e83ed dt-bindings: cpufreq: Introduce QCOM cpufreq firmware bindings",
"996fc61b832fd19084bf162594352e00ec8bf426","FROMGIT: cpufreq: qcom-hw: Add support for QCOM cpufreq HW driver","f99fd8acd410de4a7ef9024a2d1afc1c5b1cef2b","2849dd8bc72b62a315854863c84c523176bd55ce cpufreq: qcom-hw: Add support for QCOM cpufreq HW driver",
"a6ca1a969a521b07481ee33c05430a56bd7d25e8","FROMLIST: tty: serial: qcom_geni_serial: Fix UART hang","8ac963240c4c983642b1e364ee770a2bbdf4a1b2","663abb1a7a7ff8fea9ab0145463de7fcff823755 tty: serial: qcom_geni_serial: Fix UART hang",
"b9061de5140b3b03456b6868bdb9477a4b61977e","FROMLIST: tty: serial: qcom_geni_serial: Fix wrap around of TX buffer","1cece41718fc0f06e6094d2635325ab09b55d0e3","3c66eb4ba18dd1cab0d1bde651cde6d8bdb47696 tty: serial: qcom_geni_serial: Fix wrap around of TX buffer",
"c83a5a4f406067f5a232c1b62a622c22e93fa8e7","FROMLIST: soc: qcom: rmtfs-mem: Add class to enable uevents","5c3ece204e97e26d42fac93a924f507bde8d64ff","b4aa93bca91318a8cf832b9fd34a830e44660d50 soc: qcom: rmtfs-mem: Add class to enable uevents",
"ed80b937fe1ef14a6e8927b048559a571128a795","FROMLIST: soc: qcom: rmtfs-mem: Make sysfs attributes world-readable","f58e9a7a7e99256bfbf616be8720ed761645012c","f58b0f9d9dd6d033396561517bb191d904df9e54 soc: qcom: rmtfs-mem: Make sysfs attributes world-readable",
"40cca5363b8d454ffa67de73da0a2f1423065296","FROMLIST: Bluetooth: Fix locking in bt_accept_enqueue() for BH context","87a69599a9671b389d4cb53cb30da35f9da22ac1","c4f5627f7eeecde1bb6b646d8c0907b96dc2b2a6 Bluetooth: Fix locking in bt_accept_enqueue() for BH context",
"1f10a13a9df56965347a77f34a33673be5104082","FROMGIT: drm/msm/gpu: Remove hardcoded interrupt name","9437f006142adf8b2fb7b1efbae1f2d25770d9b4","878411aef631e4e2dd8d6c7cdb01e95a076cbcb9 drm/msm/gpu: Remove hardcoded interrupt name
2255f244f92e651dbd410f92d2968c6dae4ead8e drm/msm/gpu: Remove hardcoded interrupt name",
"d1a1238658988473c94bb9ce90d0c9698fb3a280","FROMGIT: drm/msm: drop interrupt-names","d0b0ea67e26644d790b2655bb2e7806141890b7b","895ad6b0ccf71ec1f8d5bc4d9f15b525feb160a8 drm/msm: drop interrupt-names
b8be1cd9b010da726907a38b7a43d7259db51081 drm/msm: drop interrupt-names",
"423dff22071d0d16562ffee423f211c640a0c16c","FROMGIT: dt-bindings: soc: qcom: Add remote-pid binding for GLINK SMEM","abba41e26ec4159d488abe85fcadaee42a008987","b270ea40b3c6e5d269ae6e1c74db401f7b1dcef0 dt-bindings: soc: qcom: Add remote-pid binding for GLINK SMEM",
"d6ec2d34eebc43d6970edee18c8d1fef883b14fc","FROMLIST: dt-bindings: opp: Introduce opp-level bindings","9c3ee728603596b8b0ba06ffd66084bdc21b1271","cea8e2f3938c510f6041c632fe19e4e95296ae04 dt-bindings: opp: Introduce opp-level bindings",
"149cac5ab1c40a52a3823e8323bff307485b9623","FROMLIST: OPP: Add support for parsing the 'opp-level' property","722c123d3198299fabaed0b2144678038d3c1d31","5b93ac542301026eff8954589cf59f801d03db3e OPP: Add support for parsing the 'opp-level' property",
"414a38e5619e0cc81a6a474090013ab989db59cc","FROMLIST: dt-bindings: power: Add qcom rpm power domain driver bindings","da684b3015a2bc061e7b654b41698aa9c1bdf370","c6e6eff4d48f8b7180f9f94f1615ffe345fd7e5c dt-bindings: power: Add qcom rpm power domain driver bindings",
"0c3a6475dd48c3ebb1241af1527c11da35391c20","FROMLIST: soc: qcom: rpmpd: Add a Power domain driver to model corners","ef99366953745403da43d17c0a9398c8c2347fce","bbe3a66c3f5a65fb3d702351bac2a6033944d389 soc: qcom: rpmpd: Add a Power domain driver to model corners",
"6d7b07f8e949560615e2262ea4f4efdc7fdb6075","FROMLIST: soc: qcom: rpmpd: Add support for get/set performance state","cd102fa42bab19897c2295e8b990b2156626054a","075d3db8d10d82bb86777df3f81e1b83caeb630a soc: qcom: rpmpd: Add support for get/set performance state",
"3bc21565274fe7c7a74bffe44508f7cacfee20cb","FROMLIST: arm64: dts: msm8996: Add rpmpd device node","3b9e5c8ed65ee96cc0f1c50166cf6bbb597ef582","fae1967f31c3accb6d0be95da3b0cd909850d80a arm64: dts: msm8996: Add rpmpd device node",
"f37e689c14bc1a4f8aac200d045a49a6d87e3aa5","FROMLIST: soc: qcom: rpmhpd: Mark mx as a parent for cx","68bb3e44cf4e5dbd363a1a1750e4d378971ed393","0503aec22c1483d02b2d8bbd8594c5b9713294b8 soc: qcom: rpmhpd: Mark mx as a parent for cx",
"e86eea880bdda000db9e5397c793c2a927fb6f35","FROMGIT: drm/msm: Fix A6XX support for opp-level","05993192e464182dbbcda8377277f8b46fd408db","a3c5e2cd79753121f49a8662c1e0a60ddb5486ca drm/msm: Fix A6XX support for opp-level
ac11c637f899b6e2dede05f41205fa4b8f82c241 drm/msm: Fix A6XX support for opp-level",
"b919a502d94c026a824643cd46885824ab2d5900","FROMGIT: dt-bindings: drm/msm/a6xx: Document GMU bindings","160c2d6a03fed84ec0ae33aaf62eff0aa704c0b4","8aa82766de12d11a7e00d02b6d74349f57a8219e dt-bindings: drm/msm/a6xx: Document GMU bindings",
"5de5e9b9fb0754672b530caad867f17f925a8643","FROMLIST: interconnect: Revert to previous config if any request fails","d9e9603143563fe451fcb0adfea121a2e4de08ce","dce6d406669b56506192e726ffbb238e409a7120 interconnect: Revert to previous config if any request fails",
"9c5202b6244e14e8ec82804a846ed4b25134bf36","FROMGIT: cpufreq: qcom-hw: Move to device_initcall","7054329a7a3f8e7f292f7f5bf1e9690cf90a8004","f896d06665ec8ae09f6412a47b97863d9ef8ff64 cpufreq: qcom-hw: Move to device_initcall",
"1874b608cb90cc5ccd1377cc994cda26da090383","FROMLIST: arm64: dts: qcom: sdm845: Extend ranges and describe DMA space","7ccf8de2ddc991e88b8efd921482f301752688bb","9feb667d8674f7f85f5ab6c8d88788a0fbef8d7d arm64: dts: qcom: sdm845: Extend ranges and describe DMA space",
"9d91f44d0b4ba397f0b6b84432771f35244fd2b5","FROMLIST: arm64: dts: qcom: sdm845: Fix lpasscc reg","5a545afff8de702ecfa0f6c7d06bd119f4e0c745","1d918e9a8cc7306ae6a0b0c5580f57cfd1122d6f arm64: dts: qcom: sdm845: Fix lpasscc reg",
"bee0d14543bd6180b2e95820980eafbd3b000e7a","FROMLIST: arm64: dts: sdm845: Add CPU topology","78787429ccfd7bcef6ab695db4edfd473fa4916f","7b5ee83dfdf8abe5d1c917762e4cabfe6c1b9c68 arm64: dts: sdm845: Add CPU topology",
"76ba21160c342e0759e888d2418483371df81d0e","FROMGIT: Bluetooth: hci_qca: Add helper to set device address","6bf8b8d33b4f2e3a7109e1224bbe9f03c14a40cc","5c0a1001c8beecc29c2364171f3a1080e864a672 Bluetooth: hci_qca: Add helper to set device address",
"9aa95e2960f455e6ecfd6047216e7ade0521dd5f","FROMGIT: rpmsg: core: Make remove handler for rpmsg driver optional.","aea21944df466cb821bc4eb8a967f3e4ba6d717c","54119bc1110dab2fa389f45c73a0787b8e037e8b rpmsg: core: Make remove handler for rpmsg driver optional.",
"a10ad2af020a29638f1c89aafdf3e41c9e75c12b","FROMLIST: dt-bindings: msm/disp: Introduce interconnect bindings for MDSS on SDM845","f1fae22be4e94848f40ca02ffa9d1f508556fa42","a67e13e1ee2d62871149e5ec629cf766d4127ff9 dt-bindings: msm/disp: Introduce interconnect bindings for MDSS on SDM845",
"e097b30f9aa51662b1ca145a480b76520daf39e3","FROMGIT: drm/msm: honor GPU_READONLY flag","18c4aa1601afecd5e7d3d5548947c3edeeda9bb4","bbc2cd07c5100514f25ac6e09d2a94521b46b35b drm/msm: honor GPU_READONLY flag
388a515f6add79305d9dc9a5d22543be5457fc55 drm/msm: honor GPU_READONLY flag",
"fdda7063fbf99e8b3c3ad7c2bdff61b719eb66c5","FROMGIT: cpufreq: qcom: Read voltage LUT and populate OPP","fe3d0f0b443a2b79cf325c3d919188c8bdcacc99","55538fbc79e926f159a5abcc571ba1c02529a3d1 cpufreq: qcom: Read voltage LUT and populate OPP",
"90617d289bbfd9d921040e91a66dcb1eb8037ae6","FROMLIST: cros_ec: Remove cros_ec dependency in lpc_mec","f4b7d8710e69077e5e7b515673a1f53a0a62bd53","6b7cb2227d4d833aaccb3e98214015f2162d5bb0 platform/chrome: cros_ec: Remove cros_ec dependency in lpc_mec",
"2a9b85eff5b672d02cc82c426e89ef871d659d48","FROMLIST: ath10k: correct bus type for WCN3990","eeeb0503c3330f2a3983e06e2f11d566d1e52f23","2c2008a63e482654ab137c84d3c61c03b75e7df6 ath10k: correct bus type for WCN3990",
"100abc3b61ad8aa0362f399f6ede0e5d9dfc9bd6","FROMLIST: ath10k: sdio: add .owner field","75cf104c57ebc157116201bacc6a880d29209ee1","ea69598408147eabab23ebedbb5d0492381f0d18 ath10k: sdio: add .owner field",
"99b31623aad91d739a011121d57b0ea29f10dec6","FROMLIST: loop: properly observe rotational flag of underlying device","167beaadc219af1a5548e72cf9238b07e8111c51","56a85fd8376ef32458efb6ea97a820754e12f6bb loop: properly observe rotational flag of underlying device",
"953c391d09d4f88612c4bfe1bf18150506f37c76","FROMGIT: driver core: Remove the link if there is no driver with AUTO flag","6c8c557fc3b6970ab4b810f20019bd193f1a2a01","0fe6f7874d467456da6f6a221dd92499a3ab1780 driver core: Remove the link if there is no driver with AUTO flag",
"f0f00db6adf4f50e333e031a305995f2cd2b3df8","FROMGIT: ASoC: Fixup build error for mt6358","471e4113e44d4f5466ef42ccaf70caa2f2be44f1","141474c6ac7f279824780453d3f9c75d6193dc85 ASoC: Fixup build error for mt6358",
"ae118cb89ef0b1c2acabc27f716d9f216480fc0f","FROMGIT: dt-bindings: mtk-sysirq: Add compatible for Mediatek MT8183","280277bdcdddc40d60e15a51dd4159182fb5d87a","df8c9581e258e9e9d50d0653094cc64fcbc7d8fc dt-bindings: mtk-sysirq: Add compatible for Mediatek MT8183",
"ed97906024f85dbb5fcf40a055812b65d2819c72","FROMLIST: usb: core: add option of only authorizing internal devices","70d3c94afa23c370749f3026b69e2823543b7c9b","7bae0432a64aa7569dbd0feb2927fd3ff913901f usb: core: add option of only authorizing internal devices",
"8d95fbdf6c035f96699b1b2f9a2bf64d296d180c","FROMGIT: arm64: dts: Using standard CCF interface to set vcodec clk","879c696c2e4d4a73c4c3f2ea79facb33c3144d66","fbbad0287cec5e211bbd73c3e866ebd22a59b0d4 arm64: dts: Using standard CCF interface to set vcodec clk",
"15eafae044028b388d82b0d63d3f857504182784","FROMLIST: mm: Add support for kmem caches in DMA32 zone","7c908c44a3bf4872fd31f92bb4852e61069403f4","6d6ea1e967a246f12cfe2f5fb743b70b2e608d4a mm: add support for kmem caches in DMA32 zone",
"9c1e97c8fb8f18fcb970033b0e1fd9ad7ed9ec15","FROMLIST: iommu/io-pgtable-arm-v7s: Request DMA32 memory, and improve debugging","133c59287bc182551b5c38ca980d22e045b6f742","0a352554da69b02f75ca3389c885c741f1f63235 iommu/io-pgtable-arm-v7s: request DMA32 memory, and improve debugging",
"5e6561a230ed35a4e30843a363214440e043f402","FROMGIT: i2c: mediatek: modify threshold passed to i2c_get_dma_safe_msg_buf()","afe01da246272daaad6be8fcb638403b03d4aea2","bc1a7f75c85e226e82f183d30d75c357f92b6029 i2c: mediatek: modify threshold passed to i2c_get_dma_safe_msg_buf()",
"91caeaf91cca77055d7c2f2aa8f8f8926b713cea","FROMLIST: clk: mediatek: Disable tuner_en before change PLL rate","02d84cd8f67e05e236b7bc903d052520fd8f8fd9","be17ca6ac76a5cfd07cc3a0397dd05d6929fcbbb clk: mediatek: Disable tuner_en before change PLL rate",
"8f00881ffa6e584236be3414a86336f58bc656fa","FROMLIST: clk: mediatek: Add configurable pcwibits and fmin to mtk_pll_data","b930eb1aeb2ba4223f3e334c0304e4b17f606b62","9d7e1a82b7d195f901c2a18dd5602a1c11e9eefb clk: mediatek: Add configurable pcwibits and fmin to mtk_pll_data",
"e6d8e6d5d2b22487ab03d773b8afc77db755bc20","FROMLIST: dt-bindings: ARM: Mediatek: Document bindings for MT8183","00936c2b7873e6e3bf13f1a86346ca76e7aff95f","2f41cd9b13ea891e7cc1bd037b70458132a12e31 dt-bindings: ARM: Mediatek: Document bindings for MT8183",
"6d5dbaeb13a484048da6732e7e4364819b78d943","FROMLIST: clk: mediatek: Add dt-bindings for MT8183 clocks","e6666160e9c341b68524a7177e1e05f606a839ba","d90240bc073eccec5fffa80e7038460350c6f073 clk: mediatek: Add dt-bindings for MT8183 clocks",
"52d21a9d118024d791d6a2f247e709386788fafb","FROMLIST: clk: mediatek: Add configurable pcw_chg_reg to mtk_pll_data","c981efd027f878e10f990643067a6174cac2cd3b","23fe31dedb7b1836cc23666afc1a9c67ed7de775 clk: mediatek: Add configurable pcw_chg_reg to mtk_pll_data",
"50fdc0e97bce122bcaac14a90a3e6d2358cdfcf7","FROMLIST: clk: mediatek: Add MT8183 clock support","6176d25f5c3184e97bdd5a514849a317c948a213","acddfc2c261b3653ab1c1b567a427299bac20d31 clk: mediatek: Add MT8183 clock support",
"cf44c09c70e56f7053dd550cbbeeb5b38095a44c","FROMLIST: clk: mediatek: Allow changing PLL rate when it is off","faad84efe65b9ded26895128e907393c59b4604e","dac5d67277d654695444fe6cab94c1a596dff33c clk: mediatek: Allow changing PLL rate when it is off",
"09045589ee926ab9e13a141881263c6f308d0bcd","FROMLIST: i2c: mediatek: Add offsets array for new i2c registers","28a734b1babc09d91e66dc641d85f2bee6af0a95","bc6eaf17097b502919b42098a088fac700e48452 i2c: mediatek: Add offsets array for new i2c registers",
"fd91b98f4e565b376b25250c71b0a50f68f51ba5","FROMLIST: dt-bindings: i2c: Add Mediatek MT8183 i2c binding","76aa815115a1df3f39597a889ea75ee44d55dc1f","a3438152c66728e5dc15a3aa167b836ce7329e68 dt-bindings: i2c: Add Mediatek MT8183 i2c binding",
"92742c586ecffd4bc1fa2df42016517a30281fc2","FROMLIST: i2c: mediatek: Add arb clock in i2c driver","02b77a187d5e52271e4205df2e8af0915836c416","cad6dc5d2887e3d646848849e5e56863480491f4 i2c: mediatek: Add arb clock in i2c driver",
"678b49bb056c4baada6b375ef2874718bfb48994","FROMLIST: i2c: mediatek: Add i2c and apdma sync in i2c driver","78e6536fe28d5d0b2625bdbb9f672af8ae247b0b","a15c91bac6957065090360c4b733859a52274fb6 i2c: mediatek: Add i2c and apdma sync in i2c driver",
"5ee9f084ec478613d3044943dd262f09cba6bbf6","FROMLIST: i2c: mediatek: Add i2c support for MediaTek MT8183","0b3f2810df2e63f5dfbae6a86b0e9df980853866","25708278f8100b9e5e79b2f24637c8f222256729 i2c: mediatek: Add i2c support for MediaTek MT8183",
"ad5339e2cabcc3db991f7236616e13dc58c5f585","FROMLIST: dt-bindings: serial: Add compatible for Mediatek MT8183","a561a77f477d0aa9e24819023f62ff0c5bd5ae91","898a737c8a436b2fcd6dcb0b57775ada2f846a26 dt-bindings: serial: Add compatible for Mediatek MT8183",
"bb53e658dfabac279a6108e181c104a100d5105a","FROMGIT: platform/x86: intel_pmc_core: Quirk to ignore XTAL shutdown","92db6ac8650cbb8651ee90f5a053297d0bcc60d9","238f9c11351f8af8534ae0318b4d9acc77b09ee8 platform/x86: intel_pmc_core: Quirk to ignore XTAL shutdown",
"4dd6c094afeeac491ec1bfeafefdf822347f0af5","FROMGIT: Bluetooth: hci_qca: Add helper function to get the chip family","27b13885f6f0f686feb662d6211644abd5538ad8","4fdd5a4f8b4407c21897dbfba9d0ee77eb80a42c Bluetooth: hci_qca: Add helper function to get the chip family",
"487f13b472ecde995aa493f284ccd0783e81e33b","FROMLIST: dt-bindings: pinctrl: mt8183: add binding document","82b6e5cf6b484b9280c3ddf258d1474531140780","9f325c9837251519968821fe82cdd81b2c450a71 pinctrl: mt8183: add DT binding document",
"07becdd8c6619e96cbad7a1c095876d1ad073b0e","FROMLIST: arm64: dts: mt8183: add pintcrl file","add6422fa1c95b1df8c35e27b90a44afe5fe5817","8bf043635a1adf443fdc56849f8ef0bc23c65949 arm64: dts: mt8183: add pinctrl file",
"ba9be29e4cd199a191af057b3e1a5b0d79f6712a","FROMLIST: ASoC: intel: Fix crash at suspend/resume after failed codec registration","889c0d798233efe45064f3c2b13727da2db49cec","8f71370f4b02730e8c27faf460af7a3586e24e1f ASoC: intel: Fix crash at suspend/resume after failed codec registration",
"456fbed4a441e6114f80dbb354ff7f6a5563faee","FROMLIST: Input: i8042 - signal wakeup from atkbd/psmouse","ad4e8ad9cda82a469e499408fb7b4dd57a308284","aaca981e4588906aece15392f26cc861b6f455ac Input: i8042 - signal wakeup from atkbd/psmouse",
"d85d02ebfd5a12b00fa03bc7e0b82ef93a676779","FROMLIST: drm/mediatek: respect page offset for PRIME mmap calls","9e8fe09643c67b0a221921eac4ae9b1a2fb3d570","46a3b9fce29386704a56fbfb22e0dcdbd813b4b5 drm/mediatek: respect page offset for PRIME mmap calls",
"e68bb06b8ad62d1bd5d7081ba58e2c765ee7cb20","FROMLIST: HID: intel-ish-hid: ISH firmware loader client driver","8653cd177639b785a5eb10a8945e82cebcd11db8","91b228107da3e41558449a62cd93816b47b3b4b5 HID: intel-ish-hid: ISH firmware loader client driver",
"9d4fd74aaf95accae8aabbde93c842c3718a45c8","FROMGIT: dt-bindings: ufs: Add #reset-cells for Qualcomm controllers","f6f248e458320472904a7267296fbf70a977ba89","8de4acd397ab96bf3487c6a765fd2b76e2863909 dt-bindings: ufs: Add #reset-cells for Qualcomm controllers",
"6d98df7a15b786009d4b2d7a31c3b12928b893bb","FROMGIT: dt-bindings: phy-qcom-qmp: Add UFS PHY reset","ad7bea7db0954dabae4c738d7dd7c80578d0afde","95cee0b4e30a09a411a17e9a3bc6b72ed92063da dt-bindings: phy-qcom-qmp: Add UFS PHY reset",
"91fee11185be4912de01ae6f82324b26df5e277f","FROMGIT: dt-bindings: phy: qcom-ufs: Add resets property","877f7a49de55c168de0b6b7975633ccefe5eb821","70b894deb78a7deed9157863a17f9e85a4ba87b3 dt-bindings: phy: qcom-ufs: Add resets property",
"4af67b8216df79d300c5e0e9336af3b649a5b4b6","FROMLIST: arm64: dts: msm8996: Add UFS PHY reset controller","7d50c5b14785d2a1b6049b8f0df89cecdabb1fde","3a2b37b09f74c0bc1d8745e1f9c5985d4bccb78f arm64: dts: msm8996: Add UFS PHY reset controller",
"3abfc571741d76edec43a60f708932d75efdbcff","FROMLIST: arm64: dts: sdm845: Add UFS PHY reset","2cc05cff58dcf106549d9e632ebea221039484fb","71278b058a9f8752e51030e363b7a7306938f64e arm64: dts: sdm845: Add UFS PHY reset",
"f63b0c40406c14fbcde42f56b61102d5f5f93966","FROMGIT: scsi: ufs: qcom: Expose the reset controller for PHY","8c82a3a836cfe9691d98ab9c2329be6881010873","12fd5f250db2ad6b292d3a28bc3c0011fe30511f scsi: ufs: qcom: Expose the reset controller for PHY",
"624b791f0b2b6267da2b8ff351bd971a6de5917a","FROMGIT: phy: qcom: Utilize UFS reset controller","e7228732b99327fcbdbd1e6cf5e57cd590e0c6c2","c9b589791fc1b37fdca35b621dae62e98e4c95fc phy: qcom: Utilize UFS reset controller",
"52afbdf7a538dfd4f48273357c0c5d2aad99334c","FROMGIT: phy: ufs-qcom: Refactor all init steps into phy_poweron","83dac7eeee810f4fc57f6f99a95e99c18089b117","3f6d1767b1a011165cb404df1acdf003252df153 phy: ufs-qcom: Refactor all init steps into phy_poweron",
"98f73c308d437b41bafbb8153e9f68503bb7676d","FROMLIST: HID: input: add mapping for Assistant key","0052b05a0ef6c8c05806fd10004ed7ca7a15b65a","ce856634af8cda3490947df8ac1ef5843e6356af HID: input: add mapping for Assistant key",
"0c494186eecf5e1bc16720a63fb84d815b660311","FROMLIST: ASoC: rt5682: recording has no sound after booting","861c98f9e9a82645669408b010f28721f94a7db9","1c5b6a27e432e4fe170a924c8b41012271496a4c ASoC: rt5682: recording has no sound after booting",
"66443887b531d77147675afbd0e312dfe932ad2f","FROMLIST: ASoC: dapm: set power_check callback for widgets that shouldnt be always on","38da5b36d7faacae9078e19df3c45d589d165010","6e3bfcff191ec9476ca5ef9b2ad85a15ba829374 ASoC: dapm: set power_check callback for widgets that shouldnt be always on",
"bce236448c89245c48defc43f8aca662eaa98cbe","FROMGIT: ASoC: Mediatek: MT8183: add I2S2 control path from UL2 and UL3","14a00028e86c82281403906a48841c7dc93996c0","d232591c9482ddb121b60782d2e7dac1c4880bdb ASoC: Mediatek: MT8183: add I2S2 control path from UL2 and UL3",
"aeb01b5b643138e3d25b48293159cbff010e8787","FROMGIT: ASoC: Mediatek: MT8183: change supported formats of DL2 and UL1","f58404ca1f7ea84e34fd7cabbaaef0699895d98e","1df1e5457cd1e115bd279f7d12015a4834057f68 ASoC: Mediatek: MT8183: change supported formats of DL2 and UL1",
"71b4e964ac1a10ba8f81bd5704b1777e1cc74e02","FROMLIST: spi: pxa2xx: Add support for Intel Comet Lake","fd820f0cfe641f4ae18bc057ddd5aa6947bd9c80","41a918026407be4ca2727cd0d6243fe6cdbfc4ed spi: pxa2xx: Add support for Intel Comet Lake",
"b8e4cd307637f531f4fa513d2ef100b095d87e48","FROMLIST: mwifiex: Make resume actually do something useful again on SDIO cards","055bafcca5f7a88a3fc6477326fd4aa63d948d84","b82d6c1f8f8288f744a9dcc16cd3085d535decca mwifiex: Make resume actually do something useful again on SDIO cards",
"57274eb8bcc2a684d0bdef912c20e7feac65e714","FROMLIST: modsign: use all trusted keys to verify module signature","6b9de34049a8775e629f57030a4ed95f6cd31994","e84cd7ee630e44a2cc8ae49e85920a271b214cb3 modsign: use all trusted keys to verify module signature",
"818058685a8aa0bbbe064f8117cbf7b1c8ff2bb6","BACKPORT: FROMLIST: r8152: sync sa_family with the media type of network device","9e026a53dad94a30f8c392763bbe0723a7338049","a6cbcb7793596eb8b8dd9564e534c5cfc0a4fdbc r8152: sync sa_family with the media type of network device",
"a3b761576972b8d0bbc0e2d2bedbf10a0c0a22e7","FROMLIST: spi-nor: intel-spi: Add support for Intel Comet Lake SPI serial flash","93791aa1b3295c18b0e48d691b7a51dc924c21ed","e43f53c22a937d024f070907d02539e413f20c15 spi-nor: intel-spi: Add support for Intel Comet Lake SPI serial flash",
"3583d836d9fee8bb97e3ec9abe306cfc3b9cbe56","FROMLIST: intel_th: pci: Add Comet Lake support","4e25220aad8c9ea2f3232103e86fa24ec673418f","e60e9a4b231a20a199d7a61caadc48693c30d695 intel_th: pci: Add Comet Lake support",
"43e4132127c98d9ca12926b4c9b262ccb66f4f17","FROMLIST: ARM: errata: Workaround errata A12 857271 / A17 857272","4f03103652ff8404090b908fe18a4b5089b58e32","304009a182b9fc6eff74060b415c8240380501cb ARM: 8861/1: errata: Workaround errata A12 857271 / A17 857272",
"51a60ba18ecf007d8a12da05115d1828fba46557","FROMLIST: ARM: dts: rockchip: fix PWM clock found on RK3288 Socs","66347edcac07ba4a061cad1f1a2d90df838412b9","6773af2684b7bc1b7b2d9ef874599cccaba2559e ARM: dts: rockchip: fix PWM clock found on RK3288 Socs",
"f9ec1b4338d97ba4b16a0411e2a5d2a59c2f4e42","FROMLIST: Input: add KEY_KBD_LAYOUT_NEXT","7e22772c0223886000a3e8284ad17cc8eacf001f","81592d5b91344cd9fd386f77ffe7ed498ce473e6 Input: add KEY_KBD_LAYOUT_NEXT",
"1ae0f08dc0e16cc7392b3e0653a22b3698148090","FROMLIST: HID: input: add mapping for KEY_KBD_LAYOUT_NEXT","778c47ee0aa07f529c139129322b21f30880f19d","bd21d847924845175fed9756d560cd1c4669f2c5 HID: input: add mapping for KEY_KBD_LAYOUT_NEXT",
"3ef7cd30fd61f42a7a1e86097b0983b4ba80cf0c","FROMLIST: ASoC: Intel: avoid Oops if DMA setup fails","a6035f89a0b2bc62c314520f388fbcc5104295ee","0efa3334d65b7f421ba12382dfa58f6ff5bf83c4 ASoC: Intel: avoid Oops if DMA setup fails",
"f8e527077c1e48fd211326cfa8ffb94f15466b87","FROMLIST: dt-bindings: usb: dwc2: Document quirk to reset PHY upon wakeup","b5c54a9f71c47ac5244d7a4b9fcfa533b6bff6d6","cc389eaabd7082a14e46aaa5a02f87c9eef37d7f dt-bindings: usb: dwc2: Document quirk to reset PHY upon wakeup",
"6eed6409fa49e49b768a64bde86766026d02fc12","FROMLIST: ARM: dts: rockchip: Hook resets up to USB PHYs on rk3288.","f5c6b320fa789fb67a5cbe217ab40ac9998cd762","d17aa2d262e8574a8c6befb5b6470d1c32875cf8 ARM: dts: rockchip: Hook resets up to USB PHYs on rk3288.",
"986f4ec5f4a1d26c712abcb73d33d8b154aef00f","FROMLIST: ARM: dts: rockchip: Add quirk for resetting rk3288's dwc2 host on wakeup","5333a27df11248cdcd6ac690824e814e4cf07d92","5bdd614d65e314ac1530f9462c3ab955f3d3302b ARM: dts: rockchip: Add quirk for resetting rk3288's dwc2 host on wakeup",
"42c7a955b10809c087eb9bf64f5e0d44f664270b","FROMLIST: usb: dwc2: bus suspend/resume for hosts with DWC2_POWER_DOWN_PARAM_NONE","bc25e24e4266227437fd4919c77ac484a50537be","6f6d70597c15b2a406afa541517e6ad35f56a8a3 usb: dwc2: bus suspend/resume for hosts with DWC2_POWER_DOWN_PARAM_NONE",
"bff558eedc248c1c0e8755231f1d33db9341a891","FROMLIST: USB: Export usb_wakeup_enabled_descendants()","3bea267661b8aa4ce7f7437a18c5e80fdc130771","7a6127e39a16c97b505f13352238567fdc3f79a2 USB: Export usb_wakeup_enabled_descendants()",
"7d13fb679ef10dd3362b194f1af44c2bf6b51387","FROMLIST: Documentation: dt-bindings: Add snps,need-phy-for-wake for dwc2 USB","87a3cb5640edc13b14f19cfb2f875aa0b6986fd1","cd5f9726773b654f8e1cfd6ec1a989c558fa164b Documentation: dt-bindings: Add snps,need-phy-for-wake for dwc2 USB",
"9f41aacc5112dfb68acdada767409d33fd6f7be3","FROMLIST: ARM: dts: rockchip: Allow wakeup from rk3288-veyron's dwc2 USB ports","26087557d74d642db750a62268e2fe8ffbcd5336","1d390437f605db28596ad4c4bfeca2fed052c025 ARM: dts: rockchip: Allow wakeup from rk3288-veyron's dwc2 USB ports",
"5fe8aae942e48992c7357c700bc9e944479749c3","FROMLIST: ARM: dts: rockchip: Remove bogus 'i2s_clk_out' from rk3288-veyron-mickey","10652757e45e2ff41ee0a06ac62258e2312d0453","d190bfaaa2a1575e7998d8487ed26cdf9e74b42b ARM: dts: rockchip: Remove bogus 'i2s_clk_out' from rk3288-veyron-mickey",
"bca143d3d53a57e8055de1c5ef367dcd1f07a2b1","FROMLIST: ARM: dts: rockchip: Make rk3288-veyron-minnie run at hs200","ebbdb9043ee279c486fc2e10575b40554976fca9","1c0479023412ab7834f2e98b796eb0d8c627cd62 ARM: dts: rockchip: Make rk3288-veyron-minnie run at hs200",
"6af80895d6b51163d647851f66074a367d5e62d4","FROMLIST: ARM: dts: rockchip: Make rk3288-veyron-mickey's emmc work again","cde1d40ce11b75c248b3ce6dc3e7ac200dfdb74a","99fa066710f75f18f4d9a5bc5f6a711968a581d5 ARM: dts: rockchip: Make rk3288-veyron-mickey's emmc work again",
"1724e70a75383af536ba227e45e158d964792ae7","FROMLIST: dt-bindings: Add binding for cros-ec-rpmsg.","bb2c9d121a60973f0f85514c2dfe5974217bc352","c77cd342f9fd64a9f6ed3eb270fd527826ef92d3 dt-bindings: Add binding for cros-ec-rpmsg",
"2262d74291832561ecfcf89db9d5b5980189ddd6","FROMLIST: elan_i2c: Increment wakeup count if wake source.","9cd2124e333659539e8580b18fbcb134e0a45ea3","145b11d1baa3462ba211bd845ecf94057b7d10e1 Input: elan_i2c - increment wakeup count if wake source",
"d42316bd7a721540a1491c0bb5868196853fe51e","FROMLIST: platform/chrome: cros_ec_spi: Always add of_match_table","794a868143d731f6ae9bb172c73a90b3f86b9485","75501d2edc8044af145a2c237b0ccc2c03deb4ab platform/chrome: cros_ec_spi: Always add of_match_table",
"1144db32ca98ea33da152e326b343176d3d36ab4","FROMLIST: ARM: dts: rockchip: raise CPU trip point temperature for veyron to 100 degC","37a1e0b8d8bbde7000ae905a15e40972b26297a2","83be81e3b0b6eb5df2fba66baa7a25f7e7dc9775 ARM: dts: rockchip: raise CPU trip point temperature for veyron to 100 degC",
"ead6d27d2650fa1ba53cd30bef5a281904102cc0","FROMLIST: ARM: dts: raise GPU trip point temperature for speedy to 80 degC","bd7320ff5c5884adf9f511001f23d17c97a03939","fa31ba8f1719149658f3cfc1e230c04b12c72efa ARM: dts: raise GPU trip point temperature for speedy to 80 degC",
"88fba2c8fabd256975b5b11c6f7fa5ab5f147fc4","FROMLIST: mm/failslab: By default, do not fail allocations with direct reclaim only","9bcca393f4e810f84ff1c142c910ba473b64b9b5","a9659476d4b391aec3f5357f176b63b9f8c46231 mm/failslab.c: by default, do not fail allocations with direct reclaim only",
"ea78a356135a7fba5c93e2425f3337ea53cf2827","FROMGIT: pstore/ram: Improve backward compatibility with older Chromebooks","134f3e35c915437d5c434a7d791dd44ca422f488","1614e92179abe91283fc397c37f6244fe0019072 pstore/ram: Improve backward compatibility with older Chromebooks",
"289acf83022334e59084466fda3b760084711807","FROMLIST: platform/x86: intel-vbtn: Report switch events when event wakes device","c643f70ab1d91e90f651ce3071d3ffc8b8dbf30f","cb1921b17adbe6509538098ac431033378cd7165 platform/x86: intel-vbtn: Report switch events when event wakes device
89ae3a07362585dc0856bae5605b0ec77b984ec8 platform/x86: intel-vbtn: Report switch events when event wakes device",
"463e35d6bca65148848690aba132d2b185f52849","FROMLIST: ARM: dts: rockchip: Add pin names for rk3288-veyron-minnie","bbe6f60eab8d1bf9d7941b7f73e748a6a151ae8d","ca3516b32cd9e483685f6de5c9433d4913879f7e ARM: dts: rockchip: Add pin names for rk3288-veyron-minnie",
"4b885b8fe4587e92746fbe7fc94ca9e53689c4cf","FROMGIT: pstore: Set tfm to NULL on free_buf_for_compression.","1d714ffdb4fa8ec11c2e60d8cf7b7ad175f193b2","a9fb94a99bb515d8720ba8440ce3aba84aec80f8 pstore: Set tfm to NULL on free_buf_for_compression",
"4ae30088771a2f84523e0eca540269d75f855763","FROMLIST: dt-bindings: gpu: add #cooling-cells property to the ARM Mali Midgard GPU binding","b89461302d22fa910e2923b0180d64e785fd85e4","982c0500fd1a8012c31d3c9dd8de285129904656 dt-bindings: gpu: add #cooling-cells property to the ARM Mali Midgard GPU binding",
"6a5d80ddfb9f4bb0e1218b06cbf6a5b6b10b7bc4","FROMLIST: scripts/decode_stacktrace: Match basepath using shell prefix operator, not regex","6e21e2e5236067fd13035b8df306c3a8953ede87","31013836a71e07751a6827f9d2ad41ef502ddaff scripts/decode_stacktrace: match basepath using shell prefix operator, not regex",
"e69c39f53c3118eda1947a1dac96a2d2f9e8e0ae","FROMGIT: dt-bindings: dma: uart: rename binding","827b43098de6489dedfe46b9bbf9dd006d10874e","fb6dda8349ea0a6a68a743b6cb636261f4489983 dt-bindings: dma: uart: rename binding",
"c071252927c84fe868bf4bb596b6804e4eb5a2ec","FROMLIST: platform/chrome: cros_ec_spi: Request the SPI thread be realtime","56c323b2ae5b20ef31e5170827c0fe28d4be1b08","ac5bdfdc0e1ccce0f23898f5500874e31198f5c2 platform/chrome: cros_ec_spi: Request the SPI thread be realtime",
"9dd9d5a68d7603605802fc97d90f93ce22e02310","FROMLIST: usb: dwc2: Fix DMA cache alignment issues","e589753bcf6ea7711fbcb6d6f7be715277ba0cef","4a4863bf2e7932e584a3a462d3c6daf891142ddc usb: dwc2: Fix DMA cache alignment issues",
"9905cba23fd54f5d7442945fcce8c1edb3a90931","FROMLIST: mfd: cros_ec: Register cros_ec_lid_angle driver when present","0dcce40a33337a8d06e9505ba747cefe0a9ebd6f","1bb407f17c5316888c3c446e26cb2bb78943f236 mfd: cros_ec: Register cros_ec_lid_angle driver when presented",
"df512869bebe0da6cc1961e9647c74dcab948a76","FROMLIST: fs/select: avoid clang stack usage warning","63f80b0d50b8bb981b1540e3dc45f8b7b37abd10","ad312f95d41c9de19313c51e388c4984451c010f fs/select: avoid clang stack usage warning",
"144799a1eca413285ce1e9f00c7163695973a859","FROMLIST: clk: mediatek: Remove MT8183 unused clock","b13e4952c1fad636a24ebca15c903c75da0c8682","860690a93ef23b567f781c1b631623e27190f101 clk: mediatek: Remove MT8183 unused clock",
"6f0aa6c94dcf4bb7a1114d85534cee023938dc52","FROMLIST: scripts/decode_stacktrace: Accept dash/underscore in modules","8f2dddf688226c02dd1ab3e66ac45623e9e8df74","ca90bbd410a1dc4b607210a5483786726043e9ec scripts/decode_stacktrace: Accept dash/underscore in modules",
"77ba005dbf7fb06e3793316b485109ff23ca1381","FROMGIT: drm/mediatek: fix unbind functions","74f5ffbff7d403a200df03cc44a2087b79a4d479","8fd7a37b191f93737f6280a9b5de65f98acc12c9 drm/mediatek: fix unbind functions",
"8db78774546a1271e56f5574ef8141bce3c288f4","FROMGIT: drm/mediatek: unbind components in mtk_drm_unbind()","7d246f94327bfa1ecec547426eb9f9e69fafef66","f0fd848342802bc0f74620d387eead53e8905804 drm/mediatek: unbind components in mtk_drm_unbind()",
"32886f5e31a5ccba63451ff15455eb553b51987e","FROMGIT: drm/mediatek: call drm_atomic_helper_shutdown() when unbinding driver","22983b982dbd70b98585b5fc081e949f005b1f0d","cf49b24ffa62766f8f04cd1c4cf17b75d29b240a drm/mediatek: call drm_atomic_helper_shutdown() when unbinding driver",
"a95ebba505fac7faa530559711f8f2788a8947fa","FROMGIT: drm/mediatek: clear num_pipes when unbind driver","8dad7dfdd675a14720c958cef2c39a93e784784b","a4cd1d2b016d5d043ab2c4b9c4ec50a5805f5396 drm/mediatek: clear num_pipes when unbind driver",
"e52e089281fb602081d925db3243b09a12605bf4","FROMLIST: usb: dwc2: host: Fix wMaxPacketSize handling (fix webcam regression)","6f92574360eb87f00cba1b1f331879d282ac15c9","babd183915e91a64e976b9e8ab682bb56624df76 usb: dwc2: host: Fix wMaxPacketSize handling (fix webcam regression)",
"b546592e4c55f43e8c9de23072edd7d537dadd29","FROMGIT: drm/mediatek: call mtk_dsi_stop() after mtk_drm_crtc_atomic_disable()","80571f603620156a34630ed4410884aaae21dd1b","2458d9d6d94be982b917e93c61a89b4426f32e31 drm/mediatek: call mtk_dsi_stop() after mtk_drm_crtc_atomic_disable()",
"2ec76e1af56a634cc6a2102984042bfea3ad9f2e","FROMLIST: HID: intel-ish-hid: fix wrong driver_data usage","d5318f7efec06a798b28d7715bc20e5d8645c59c","b12bbdc5dd883f6575f57e529af26cd2c521b320 HID: intel-ish-hid: fix wrong driver_data usage",
"dfe151ed3bd2d63860e217aa5b33578afd3a5084","FROMLIST: platform/chrome: fix crash during suspend","49748bf003fb14c481bf97d8977dca9ca82df009","9cdde85804833af77c6afbf7c53f0d959c42eb9f platform/chrome: cros_ec_ishtp: fix crash during suspend",
"97ba37d7975db70a9a668d5d13130ef4f9112c71","FROMLIST: Bluetooth: btusb: add QCA6174A compatible properties","f5d1b7f63a86da757ff71e8ca9b12c0a58da6d2b","4c409af04d766e05f154c0e87381dc02858fb78e Bluetooth: btusb: add QCA6174A compatible properties",
"4b00729f0e2fb41de9ddfd26392cd944e48f8e89","FROMLIST: pinctrl: mediatek: Ignore interrupts that are wake only during resume","4229687c9ff97cbd5be23e59693d4ae747994fb3","35594bc7cecf3a78504b590e350570e8f4d7779e pinctrl: mediatek: Ignore interrupts that are wake only during resume",
"a17a70598b13c522831c04a7e7d83baf3b78bc7c","FROMLIST: pinctrl: mediatek: Update cur_mask in mask/mask ops","b0b86f80e8eeddfbf782b951c3a57c4e02b8976c","9d957a959bc8c3dfe37572ac8e99affb5a885965 pinctrl: mediatek: Update cur_mask in mask/mask ops",
"e1cbf330d2d258418bf832666894e1f91b31a84e","FROMLIST: USB: add usbfs ioctl to retrieve the connection parameters","567cc06b37b71cb78474d57503118dd13f263e35","6d101f24f1dd41ef6eff3d7f175417ce27a3055a USB: add usbfs ioctl to retrieve the connection parameters",
"086f99e7449aba0d2a248d75e885bbbc5a8fae69","FROMLIST: clk: mediatek: mt8183: Register 13MHz clock earlier for clocksource","02d37897b1230fa16c884fc857769e65a8466ebd","c93d059a80450af99dd6c0e8c36790579343675a clk: mediatek: mt8183: Register 13MHz clock earlier for clocksource",
"905bff277dcef1c1d702008912de42422664a9ad","FROMLIST: hid: remove NO_D3 flag when remove driver","1fee593352a1639c2c66fef23810acc4265762a2","eca0f0a6c3fb2f88f123b4a8b57d53de77cdde77 HID: remove NO_D3 flag when remove driver",
"bd2106e4fa9c3a326d1481082e56c01bb1c22a53","FROMLIST: mm: add filemap_fdatawait_range_keep_errors()","3213dcadb8ae278e4b2572ff6eb3d01c4646b30b","aa0bfcd939c30617385ffa28682c062d78050eba mm: add filemap_fdatawait_range_keep_errors()",
"7e0390904e1d8e458490018610a156819749b47e","FROMLIST: ext4: use jbd2_inode dirty range scoping","c7ca5734b3e33fcc7440904c733ffa409cf6ffae","73131fbb003b3691cfcf9656f234b00da497fcd6 ext4: use jbd2_inode dirty range scoping",
"a9f883b64430ee349370edee2c365419083c2adc","FROMLIST: Input: cros_ec_keyb: mask out extra flags in event_type","4545a294baa584e4e05cbf078e42db7d371a00d9","d096aa3eb6045a6a475a0239f3471c59eedf3d61 Input: cros_ec_keyb: mask out extra flags in event_type",
"840dbfc0a4b3d14cc414357a2272f850d4bb982c","FROMLIST: x86/microcode: Fix the microcode load on CPU hotplug for real","c4be9dafe1ce2bbf3366d9240426eb8eb38ae358","5423f5ce5ca410b3646f355279e4e937d452e622 x86/microcode: Fix the microcode load on CPU hotplug for real",
"f7f0e8cf848d05558bf0c6986430caf7e11848bb","FROMLIST: usb: Handle USB3 remote wakeup for LPM enabled devices correctly","bbe94b52a1d3481a4e45797c6fe148f4a862dfa3","e244c4699f859cf7149b0781b1894c7996a8a1df usb: Handle USB3 remote wakeup for LPM enabled devices correctly",
"17ed3f1d3cdd050d54a952370176ab0816f53c4a","FROMLIST: ALSA: hdac: fix memory release for SST and SOF drivers","4790cd4b168547a47c6b4bd3a11c2ffd295537a6","6d647b736a6b1cbf2f8deab0e6a94c34a6ea9d60 ALSA: hdac: fix memory release for SST and SOF drivers",
"75f31ee9b2678080080d2fab271031512fc5507a","FROMLIST: platform/chrome: wilco_ec: Fix unreleased lock in event_read()","196bf51e1c6606b38f85b33ea217307759521cbb","aa8b8f9f9bef4696b6d9f1ca4d0de2b403db65c5 platform/chrome: wilco_ec: Fix unreleased lock in event_read()",
"1add47185175f0a03955fe98e8a99271a124c398","FROMLIST: mmc: dw_mmc: Fix occasional hang after tuning on eMMC","3ba8130df7fb398d7ae714c011f08a5b9e86d637","ba2d139b02ba684c6c101de42fed782d6cd2b997 mmc: dw_mmc: Fix occasional hang after tuning on eMMC",
"029b8a7d6a860f8b9e36894dc62f7b98ac957a13","FROMLIST: mmc: sdio: Drop mmc_claim|release_host() in mmc_sdio_power_restore()","4e00bb75a5a3fd906c72ac2b672b4672fb2456c7","cd23042d05468ab2e66e0298b46ee90a5f8d9a74 mmc: sdio: Drop mmc_claim|release_host() in mmc_sdio_power_restore()",
"a4b1f2ea47eb541ac6d42ae98385caad56c5c1ba","FROMLIST: mmc: sdio: Move comment about re-initialization to mmc_sdio_reinit_card()","34958992a6277fc9ffe2da927616aa3d613b26cc","ee550947a0d696f7ddfe88b204d4eae7f879b583 mmc: sdio: Move comment about re-initialization to mmc_sdio_reinit_card()",
"3fdc0317781a6270d0c8db14d1248b014157fe47","FROMLIST: mmc: sdio: Drop powered-on re-init at runtime resume and HW reset","20e8e26e6d4993912c0782289746574a04bba0b9","7fbbe725378d62c30a076742a60a7e1812a2515a mmc: sdio: Drop powered-on re-init at runtime resume and HW reset",
"075757e0e876df18ba30d1f2c57705d6daebb8b8","FROMGIT: Bluetooth: btqca: Add a short delay before downloading the NVM","7e2406c8f43788ffda463d86c95ed1c1f50f7517","8059ba0bd0e4694e51c2ee6438a77b325f06c0d5 Bluetooth: btqca: Add a short delay before downloading the NVM",
"58e97e262501819b4aa2eea6cf226bb583229339","FROMGIT: Bluetooth: hci_qca: Use kfree_skb() instead of kfree()","b7dae325f647d8696c1b99de23a7990133960e18","4974c839d45e2ac89ce0e82b49d548cc12e02a9c Bluetooth: hci_qca: Use kfree_skb() instead of kfree()",
"d889d8f9c1228a32c1263a35d393e978586067ce","FROMGIT: Bluetooth: btqca: Use correct byte format for opcode of injected command","45c454ba0ff8a1772bf4e7b2eed7d5e4d87cb23a","2fde6afb8c7fce8e679c1072891cd31d54af5b83 Bluetooth: btqca: Use correct byte format for opcode of injected command",
"a491b9eaf95b1a999741c41b1ee0691d396f51b8","FROMLIST: Revert ""ASoC: rockchip: i2s: Support mono capture""","755c25334ca37fa0511a6b49c1e09bf37e77ca24","789e162a6255325325bd321ab0cd51dc7e285054 ASoC: rockchip: Fix mono capture",
"cf6420263777ea55730e45ed3b0e9b0df3ed8452","FROMLIST: drm/rockchip: Suspend DP late","09829728bde3a208d8360599fb4c5f7f4a625634","f7ccbed656f78212593ca965d9a8f34bf24e0aab drm/rockchip: Suspend DP late",
"e30a92fb9b889a0a88c057e752e734786db12bcf","FROMLIST: drm/mediatek: set DMA max segment size","16137a4cc024ee88f9c71f160e76d925968e03f2","070955558e820b9a89c570b91b1f21762f62b288 drm/mediatek: set DMA max segment size",
"41e1cca1f3eb9ad6c093b5f9399c06ed7ed87018","FROMLIST: Bluetooth: btqca: release_firmware after qca_inject_cmd_complete_event","c7e845c61d5effcd7a82fbb32cffbfb6b1688366","c7c5ae2902bf8fe9acc75f798c0de75ac9295ccf Bluetooth: btqca: release_firmware after qca_inject_cmd_complete_event",
